{
  "mapLayout": {
    "minStonePerDenominator": 10,
    "maxStonePerDenominator": 30,
    "stoneDenominator": 100.0,
    "minMonsterChance": 0.0002,
    "maxRandomMonsterPerDenominator": 200,
    "maxRandomMonsterDenominator": 10000.0,
    "itemOnFloorChance": 0.0025,
    "gemStoneChanceDoubled": 0.003,
    "barrelLuckMultiplier": 20.0,
    "chanceForIceCrystals": 0.15,
    "chanceForMushrooms": 0.55,
    "chanceMonsterHasSpecialItem": 0.00175,
    "chanceForBigBolder": 0.005
  },
  "stoneChances": {
    "CopperChanceUpToLevel40": 0.028999999165534973,
    "IronChanceFromLevel40To80": 0.028999999165534973,
    "GoldChanceFromLevel80To120": 0.028999999165534973,
    "SkullMineBaseOreChance": 0.019999999552965164,
    "SkullMineBaseOreChancePerLevel": 0.00050000002374872565,
    "IridiumBaseChance": 0.00030000001424923539,
    "GoldChanceSkullMine": 0.0099999997764825821,
    "GoldChanceSkullMinePerLevelBoost": 0.00050000002374872565,
    "SkullMineMaxIronChance": 0.5,
    "IronChanceSkullMinePerLevelBoost": 0.004999999888241291,
    "ChanceModifierPerMiningLevel": 0.00050000002374872565,
    "GemChancePerLevelDenominator": 24000.0,
    "ChanceForPurpleStonePerMiningLevel": 0.00800000037997961,
    "ChanceForMysthicStonePerMiningLevel": 0.00800000037997961
  },
  "breakStones": [],
  "stoneReplacements": [],
  "itemReplacements": []
}